,Date,Notes,Commentaires
0,d√©c. 2024,"5,0",Accueil et nourriture excellents √† prix tr√®s abordable. Bravo! Exp√©rience √† renouveler ou endroit √† d√©couvrir en toute confiance.
1,d√©c. 2024,"5,0","Resto pas tres grand, deco quelconque, Accueil souriant et agreable, large choix de mezz√©s ou de plats... c est copieux, et surtout tres bon... je recommande et je vous conseille de reserver ;)"
2,nov. 2024,"5,0","Nous avons pass√© un excellent moment dans un cadre agr√©able et oriental. La nourriture est tr√®s bonne, servi dans de jolies assiettes ! Un service tr√®s aimable et souriant ce qui nous permet de profiter d‚Äôune ambiance chaleureuse. Je recommande vivement ce restaurant pour tout type de rencontre ; en famille, avec des ami(e)s ou encore avec son compagnon‚Ä¶"
3,nov. 2024,"5,0","Accueil tr√®s chaleureux et tr√®s sympathique. 
Assiette 3 viandes tr√®s bien servie et tr√®s bonne. Je me suis r√©gal√©. 
Je mets rarement 5/5, mais quand √ßa les vaut, √ßa les vaut.
Bravo."
4,nov. 2024,"5,0","Excellent cuisine, tr√®s copieux,  je recommande vivement ! L‚Äôambiance est tr√®s sympa, le service excellent, et la nourriture aussi"
5,oct. 2024,"5,0","Ce restaurant est l‚Äôadresse id√©ale pour partager des moments gourmands et chaleureux. Si vous avez envie de go√ªter √† la cuisine libanaise authentique, ne cherchez plus !"
6,oct. 2024,"3,0","Accueil sympathique mais rapport qualit√© prix d√©favorable. Mezze √† partager sans grande saveur et √©vitez le suppl√©ment brochettes que l‚Äôon ne manquera pas de vous proposer, la viande d‚Äôagneau est coriace et la brochette juste r√©chauff√©e. Nous ne comprenons pas le succ√®s de cette adresse ?"
7,oct. 2024,"2,0","Pour l'anniversaire de mon √©pouse, nous avons voulu changer d'habitude et manger typique, c'est-√†-dire libanais. Nous avons √©t√© d√©sagr√©ablement surpris lorsque mon √©pouse commande du vin. On lui a servi un verre √† 6 euros. Le verre √©tait √† peine √† sa moiti√©, c'est-√†-dire il devait y avoir 8 √† 10 centilitres. Il a fallu interpeller le jeune homme et g√™ner, il est revenu et a fait un compl√©ment. Mais de toute fa√ßon, il l'a fait partiellement √† 20 centilitres et il n'a pas mis le verre complet. Deuxi√®me point au niveau du repas, √ßa a √©t√© un repas tr√®s m√©diocre. On a √©t√© assez surpris. On a pris un plat o√π on peut manger √† deux sur ce type de repas. En fait, il n'y avait pas grand-chose √† manger correspondait plut√¥t √† une personne En m√™me temps, on a voulu prendre des choses en plus, du style une brochette d'agneau. Donc, plus-value tout de suite, suppl√©ment 6 euros. Et au-del√† des 6 euros, la brochette faisait √† peine 10 centim√®tres avec quatre petits morceaux d'agneau dessus. Le dessert, je ne vous en parle m√™me pas. Donc, quatre petits loukoums tr√®s, tr√®s, tr√®s, tr√®s sucr√©s. Pas de variante. On a voulu voir un autre dessert et cela √† √©t√© de nouveau une plus value. Donc, particuli√®rement d√©√ßu."
8,oct. 2024,"5,0","Service rapide et tr√®s agr√©able, les saveurs sont au rendez-vous tout au long du repas. Le th√© √† la menthe offert pour parfaire le tout, nous avons pass√© un excellent moment !"
9,oct. 2024,"5,0","Une cuisine fine et savoureuse, un accueil souriant, efficace et chaleureux. Une adresse √† retenir absolument ! Nous reviendrons sans aucun doute."
10,oct. 2024,"5,0","Bonne exp√©rience, personnel tr√®s agr√©able, attentifs. Les mezze √©taient bien, copieux. Bonne cuisine maison. Plusieurs menus. Prix raisonnables. Menu du jour. Du choix pour vegetariens ou non. "
11,sept. 2024,"4,0",Accueil tr√®s sympathique et chaleureux. Entr√©es (mezzes) tr√®s bonnes et bien servies. Pain libanais tr√®s bon aussi. Nous y retournerons !
12,ao√ªt 2024,"4,0","Cadre et accueil tr√®s agr√©able. Portions g√©n√©reuses mais le prix suit. Tr√®s bon, savoureux et soign√© en g√©n√©ral. B√©mol pour les falafels un peu dur, l'houmous passable, et la salade mal tri√©e. "
13,ao√ªt 2024,"5,0",Quel magnique moment pour une cuisine conviviale de qualit√© ! Nous nous sommes r√©gal√©s de l'accueil et de la cuisine (nous sommes de Miami et de Belgique). Une mention sp√©ciale pour l'accueil et la gentillesse de Dyhia !! ENJOY!
14,ao√ªt 2024,"4,0",Tr√®s bon mais c'est quand m√™me cher. Les quantit√©s sont un peu juste. Le surplus demand√© pour avoir un petite brochette en plus dans le menu mixte √† partager n'est pas justifi√© ! (29 ‚Ç¨ + 6 ‚Ç¨) 
15,juil. 2024,"5,0","Super bon ! 

Le service au top ! 

Le kir libanais une tuerie ! 

Super moment et prix tr√®s accessible 30‚Ç¨ par personne pour les gourmand"
16,juil. 2024,"5,0","Belle d√©couverte, tout est parfait, repas d√©licieux et copieux, vin sublime et un service parfait, je recommande vivement."
17,juin 2024,"5,0","√âtant de grands amateurs de cuisine libanaise, nous avons pu d√©couvrir avec plaisir cet excellent restaurant lors d'un week-end √† Lyon. L'assortiment de mezz√©s vari√©s √©tait excellent, les portions √©taient parfaitement dos√©es pour 2 personnes. Le service √©tait rapide et tr√®s souriant. "
18,juin 2024,"5,0","C'est une decouverte pour nous. Les plats sont succulents. Un vrai r√©gal. Les serveurs sont si accueillants. 
Je recommande les yeux ferm√©s."
19,mai 2024,"5,0",De l'accueil au dessert ce fut un voyage de saveurs et de d√©couvertes excellentes. Un grand merci pour Ibra et son √©quipe. On a pass√© un moment extraordinaire on reviendra et si je peux vous conseiller quelque chose : venez au comptoir libanais c'est une merveille √† 100%
20,mai 2024,"5,0","Premi√®re fois que je d√Ænais ici, mais c‚Äôest le meilleur restaurant libanais que j‚Äôai √©t√© amen√© √† tester. Tr√®s bonne cuisine, je recommande ce lui qui vous fera voyager."
21,avr. 2024,"3,0","Nous avions choisi ce restaurant ouvert le lundi soir 
Nous avons gout√© des falafels, mais qui n'√©taient pas croustillants . 2 personnes ont choisi des brochettes d'agneau et ont trouv√© la viande bien dure. J'ai choisi  des brochettes de boeuf, l'accompagnement de l√©gumes n'√©tait pas suffisamment chaud.
Nous avons √©t√© d√©√ßus ."
22,avr. 2024,"5,0","Nous avons eu le plaisir de d√©guster un d√©licieux repas libanais pour le d√©jeuner dans ce charmant √©tablissement qui accueille √©galement nos amis √† quatre pattes. La formule mezzes √† partager √©tait un v√©ritable festin pour les papilles, offrant une vari√©t√© de plats authentiques, du taboul√© rafra√Æchissant au falafel croustillant. L‚Äôambiance conviviale du restaurant et le service chaleureux ont contribu√© √† rendre notre exp√©rience encore plus agr√©able."
23,avr. 2024,"5,0","Une v√©ritable d√©couverte coup de c≈ìur ! Un accueil chaleureux et une cuisine d√©licieuse qui nous fait voyager au Liban ! 
A faire sans h√©siter !"
24,avr. 2024,"4,0","Tr√®s belle d√©couverte aux saveurs libanaises d√©licates. 
Plat d√©gustation excellent. Bon rapport qualit√© prix. 
Accueil tr√®s agr√©able et personnel charmant ."
25,avr. 2024,"5,0",Un tr√®s bon moment pass√© en famille. Cuisine d√©licieuse et service tr√®s agr√©able. Carte de vins libanais. Une belle adresse
26,avr. 2024,"5,0",Beau restaurant libanais √† deux pas du parc de la t√™te d'Or et des brotteaux. Cuisine libanaise savoureuse service impeccable. Nous avons ador√© et nous le recommandons ! 
27,mars 2024,"5,0","Une fois la porte du restaurant franchie, je me suis senti comme au Liban ! On y retrouve aussi les saveurs de notre pays! Les grillades ont √©t√© super bien marin√©es et cuites!"
28,mars 2024,"5,0",Tr√®s beau restaurant qui propose une cuisine libanaise traditionnelle avec une carte de specialit√©s libanaises d√©licieuses et  vari√©es. Nous avons opt√© pour le plat du jour cette fois ci et nous n'√©tions pas d√©√ßu! 
29,mars 2024,"5,0","Tr√®s bonne d√©couverte de la cuisine libanaise traditionnelle dans ce beau restaurant de Lyon ! L'accueil fut chaleureux, notre d√Æner en amoureux √©tait vraiment sympa avec le beau cadre et le service attentionn√©. Quant aux plats, des sp√©cialit√©s libanaises fra√Æches et savoureuses. Mention sp√©ciale pour l'assortiment des douceurs libanais en dessert. "
30,mars 2024,"5,0","On a pass√© un agr√©able moment , un atmosph√®re chaleureux, super service,  l'une des meilleures nourritures que nous avons d√©gust√©es √† lyon , je recommande"
31,mars 2024,"5,0",Nous avons pass√© un agr√©able moment au Comptoir   libanais. Ambiance cocooning  √©quipe sympathique et surtout souriante! Le restaurant propose des sp√©cialit√©s libanaises d√©licieuses avec un tr√®s bon rapport qualit√© prix ! C'est s√ªr que nous y reviendrons une fois par mois !
32,f√©vr. 2024,"5,0","Accueil et service parfaits
Une cuisine typique et go√ªteuse
Rapport qualit√©/prix correct 
Une bonne adresse √† d√©couvrir ou re..d√©couvrir. !!"
33,mars 2024,"5,0","Super d√©couverte de ce petit resto ultra sympa o√π on se r√©gale : tout est absolument d√©-li-cieux, tr√®s authentique et servi avec beaucoup de convivialit√©. J‚Äòai ador√© le moutabal (caviar d‚Äôaubergines), les rikakats au fromage et le chish taouk au poulet. La cr√®me d‚Äòail est √† √† tomber par terre! Le flan √† la fleur d‚Äôoranger en dessert √©tait tr√®s fin et peu sucr√©, tr√®s parfurm√© et l√©ger. Vraiment tr√®s satisfaite d‚Äòavoir enfin trouv√© un authentique resto libanais abordable et avec une ambiance simple et chaleureuse. Je reviendrai vite!"
34,mars 2024,"5,0","bon accueil et repas, mezz√© de qualit√© ( choisi a partager avec une brochette viande)  choix de bon vins libanais abordables. service et ambiance sympathique et efficace."
35,mars 2024,"5,0","Leurs Mezz√© libanais et brochettes de viande prepar√©es et griƒ∫l√©es √† la libanaise, un vrai r√©gal pour les papilles et un grand plaisir pour les yeux. un bel accueil un cadre atypipque propos√©s par ce beau restaurant libanais. J'y retournerai "
36,f√©vr. 2024,"5,0","Produits frais, cuisine authentique, tr√®s bon rapport qualit√© prix. Coup de c≈ìur pour les mezz√© a partager ! Un tr√©s bel √©tablissement"
37,f√©vr. 2024,"5,0","Tr√®s bon restaurant, plats de qualit√© et raffin√©s. Je recommande les mezz√©s v√©g√©tariens √† partager. Personnel tr√®s sympathique."
38,f√©vr. 2024,"5,0",L‚Äôendroit parfait pour d√©guster la nourriture libanaise √† lyon. Nous nous sommes r√©gal√©s en savourant l‚Äôassortiment de mezz√©s frais et d√©licieux ! Leurs grillades sont aussi bonnes
39,f√©vr. 2024,"5,0","Tr√®s bon restaurant libanais √† lyon, nous avons pass√© une super soir√©e et le repas √©tait super d√©licieux! Nous reviendrons"
40,f√©vr. 2024,"5,0","Un accueil au top . Le personnel est d une gentillesse et d un professionnalisme exemplaire. Le cadre est tr√®s agr√©able et le repas une invitation au voyage et de grande qualit√©. Frais , du go√ªt et √† un prix tr√®s abordable. On y retournera √† notre prochaine visite . C est  adresse !!!"
41,f√©vr. 2024,"1,0",Si vous aimez manger libanais a fuir c√¥t√© tarif tr√®s cher pour le rapport qualit√© prix l√©gumes annonc√©s grilles mais servis crus pour les baclavas 4 d√©s a coudre nous avons invit√© des amis nous avons eu la honte de notre vie 166 euros pour 4 nous ne reviendrons pas
42,f√©vr. 2024,"5,0","Bel √©tablissement qui propose une cuisine libanaise savoureuse. La salle √©tait super pleine et l'ambiance √©tait   bonne. Pensez √† r√©server √† l'avance.
Nous revenons s√ªrement."
43,f√©vr. 2024,"5,0","Plats d√©licieux et raffin√©es et service tr√®s agr√©able.
Un vrai voyage que je recommande aux gourmets qui recherchent l exotisme"
44,f√©vr. 2024,"5,0","Plats d√©licieux et vari√©s, m√©lant voyage et saveurs dans un cadre chaleureux. 
Service √©galement au top.
Je recommande vivement"
45,f√©vr. 2024,"3,0",Mezzes bons mais sans plus... Ils peuvent √™tre tr√®s ais√©ment am√©lior√©. Manque d'assaisonnement g√©n√©ral mais surtout pour le labneh qui est tr√®s fade. L'ambiance g√©n√©rale est sympa et le service est agr√©able. J'ai tout de m√™me bien mang√© et j'aimerais y retourner pour gouter d'autres plats en esp√©rant qu'ils soient l√©g√®rement am√©lior√©.
46,janv. 2024,"1,0","Personnel charmant mais la cuisine n'est pas √† la hauteur!le Baba ganoush √©tait bon mais le reste infect! Les fondamentaux de la cuisine libanaise ne sont pas acquis!
Si le comptoir libanais ne fait pas des efforts significatifs sur sa cuisine, il est √† craindre que la client√®le se d√©portera ailleurs.
D√©cevant compte tenu du prix! Il ne suffit pas de se dire Libanais pour attirer les clients!"
47,janv. 2024,"5,0","Tr√®s sympa m√™me en groupes.
Bon mezz√©.
Tr√®s bonnes Brochettes au poulet.
Bon vin
Service agr√©able un peu lent mais bien."
48,d√©c. 2023,"5,0","Nous avons d√©couvert la cuisine libanaise et pass√© un tr√®s bon r√©veillon de Noel dans une ambiance chaleureuse et conviviale .Personnel accueillant,  souriant , √† l'√©coute. On ressent la complicit√© de l'√©quipe . Tr√®s bonne cuisine , plats copieux .Bravo √† tous
Un conseil : r√©servez ."
49,d√©c. 2023,"5,0","Tr√®s bonne d√©couverte +++
Les mezzes √©taient copieux avec un nombre √©lev√© de plats diff√©rents et tr√®s bons. Les vins sont √† un tarif tr√®s raisonnable.
Une petite d√©ception pour le loukoum qui √©tait tr√®s bon mais d√©coup√© en cubes dont certains entre 2 petits lus. original.
Personnel tr√®s agr√©able. Salle un peu bruyante.
J'y retournerai "
50,d√©c. 2023,"3,0","Salle de restaurant pleine √† craquer.J ai pass√© mon repas debout pour lib√©rer le passage √† mes voisins de table.
Sinon les plats sont de qualit√© et le service tr√®s correct.
Deuxi√®me visite mais derni√®re aussi car √† ce tarif on peut esp√©rer mieux."
51,d√©c. 2023,"5,0","Super accueil
Super d√Æner
Je recommande vivement mais pensez √† r√©server, en arrivant c‚Äô√©tait complet.
"
52,d√©c. 2023,"5,0","Super endroit, avec un accueil au top, des mets d√©licieux le vin libanais √† d√©couvrir on a pass√© une tr√®s bonne soir√©e
Mention tr√®s sp√©cial au serveur qui a √©t√© adorable souriant et d une gentillesse exceptionnelle"
53,nov. 2023,"5,0","Accueil tr√®s tr√®s sympathique , le menu est copieux et excellent et avec un tr√®s bon rapport qualit√© prix. Nous √©tions un  groupe d'une petite dizaine de personnes et avons pu rester un peu plus longtemps . merci √† vous"
54,nov. 2023,"3,0",Nous avons d√©jeune dans ce resto c'√©tait bon on a command√© la grillage d'agneau qui manquait de tendret√© on s'est demand√© si ct du congel√©....c'est dommage que la quantit√© de houmous est tr√®s r√©duite....on nous y sert pas de pain on a du  demander et le plat ne contenait pas de salade que Des frites principalement .....cela manquait de g√©n√©rosit√© par rapport √† d'autres resto libanais ...
55,nov. 2023,"5,0","Repas entre amies : La nourriture est tr√®s bonne, personnel tr√®s accueillant et sympathique. Je recommande vivement !"
56,nov. 2023,"5,0","Meilleur restaurant libanais en France, Nous avons d√Æn√© en famille et pass√© un tr√®s bon moment, les plats √©taient d√©licieux, un coup de c≈ìur pour la chawarma ! Le personnel est agr√©able et aux petits soins. Nous reviendrons s√ªrement!"
57,nov. 2023,"5,0","Tr√®s bon restaurant, bon accueil, personnel agr√©able et souriant, bonne ambiance, les plats sont bien pr√©par√©s."
58,nov. 2023,"3,0","Rien d exceptionnel, trop cher pour ce que c est‚Ä¶le service moyen, j ai connu des resto libanais beaucoup mieux‚Ä¶‚Ä¶‚Ä¶‚Ä¶‚Ä¶‚Ä¶.."
59,nov. 2023,"5,0",Je conseille √† tout un chacun qui faire une belle d√©couverte de la nourriture libanaise n'h√©sitez pas l'une des meilleures d√©couverte en France tout est parfait les repas et les serveurs ils sont aux top Je repasserais bient√¥t 
60,nov. 2023,"5,0","Meilleur libanais que j‚Äôai pu tester tout est au rendez-vous accueil chaleureux et une tr√®s bonne cuisine ,pleins de saveurs bravo √† toute l‚Äô√©quipe üëè"
61,oct. 2023,"5,0","L‚Äôendroit parfait pour faire un voyage gustative au Liban, les mezzes √©taient excellent. Accueil tr√®s chaleureux et service bienveillant. Bravo √† toute l‚Äô√©quipe"
62,oct. 2023,"5,0",Nous √©tions chanceux d‚Äôoccuper une table qui venait de se lib√©rer dans une salle au complet! Ils nous ont pris et bien accueilli malgr√© notre arriv√©e tardive et dans r√©servation. Service au top et nourriture excellente!
63,oct. 2023,"4,0","Excellentissime menu 21‚Ç¨ avec entr√©e comme j'en ai rarement mang√©e ( aubergine, poivron cisel√© sauce citronn√©e + graines de grenade ). Plat tr√®s bon avec les sauces fromag√®res froide que je trouve toujours questionnables dans la gastronomie libanaise, dessert fromage napp√© de sirop de sucre pistach√©, bref vraiment copieux et fin. Un bemol ( important: pourquoi servir sur des ardoises au lieu d'assiettes ? Le riz et les petits l√©gumes sur ardoise, quel enfer!!) Hormis √ßa,  bravo"
64,oct. 2023,"4,0",Un accueil souriant et professionnel..une belle atmosph√®re des lieux..une belle et g√©n√©reuse cuisine libanaise..ultra frais et go√ªteuse..bravo √† toute l √©quipe
65,sept. 2023,"5,0","Top top top
Parfait pour la cuisine et pour le service 
Vraiment c est un tr√®s beau voyage merci 1000000 fois
Continuez ainsi je reviendrai c est promis"
66,ao√ªt 2023,"5,0","Cadre authentique, cuisine Libanaise savoureuse et plats vari√©s! service impeccable malgr√© qu'ils √©taient au complets! pensez √† r√©server avant d'y aller!"
67,ao√ªt 2023,"5,0","Nous avons eu le plaisir de d√Æner dans ce charmant restaurant libanais apr√®s avoir eu la chance d‚Äô√™tre propos√©e la seule table de disponible (le restau √©tait au complet), et nous sommes repartis avec des sourires radieux et des papilles satisfaites. Le service √©tait impeccable et attentionn√©, contribuant √† cr√©er une ambiance agr√©able d√®s les premiers instants.
La v√©ritable r√©v√©lation a √©t√© leur cuisine. Chaque plat a √©t√© pr√©par√© avec soin et passion, apportant des saveurs authentiques du Liban √† notre table. J‚Äôai opt√© pour une salade de Fattouche super fraiche suivie d'une assiette de Chawarma au poulet.
Parmi les moments forts de notre d√Æner, la d√©couverte du vin libanais a √©t√© une surprise des plus agr√©ables. Un vin exquis qui s'est parfaitement mari√© avec les plats que nous avons savour√©s. D√©gustez le Blanc de blanc (ch√¢teau de Ksara) et vous ne serez pas d√©√ßus !
Si vous cherchez une escapade culinaire authentique et m√©morable, ne cherchez pas plus loin. Nous recommandons vivement ce restaurant libanais √† tous les amateurs de bonne cuisine et d'exp√©riences uniques.
Un grand merci √† toute l'√©quipe du Comptoir Libanais pour ce moment parfait et vivement notre prochaine visite !"
68,ao√ªt 2023,"5,0","Le Comptoir libanais a su capturer l'essence m√™me de la cuisine libanaise authentique, offrant une exp√©rience gastronomique qui restera longtemps grav√©e dans ma m√©moire. Si vous √™tes pr√™t √† vous offrir un voyage gustatif inoubliable, je vous recommande vivement de d√©couvrir ce joyau culinaire.
Il est vrai que les prix pratiqu√©s dans ce restaurant sont un peu √©lev√©s, mais en consid√©rant la qualit√© exceptionnelle des ingr√©dients et la passion √©vidente qui se refl√®te dans chaque plat, je peux affirmer que chaque centime en vaut la peine. Le service √©tait √©galement attentif et courtois, ajoutant une touche suppl√©mentaire √† notre exp√©rience globale."
69,juil. 2023,"4,0","Attir√©s par les commentaires des autres, nous n'avons pas √©t√© d√©√ßus par ce voyage Libanais qui nous a laiss√© d√©couvrir des saveurs multiples ! Un accueil parfait pour un d√©jeuner r√©ussi !"
70,juil. 2023,"2,0",Cher pour la qualit√© propos√©e.45 euros pour des messes √† la carte plus une bi√®re et un verre de ros√©.Merguez libanaise surcuite comme le feuillet√©.Ca manque de finesse.Decu
71,juil. 2023,"5,0","Excellente adresse, mets vari√©s et go√ªteux. 
Il est fortement recommand√© de r√©server, la terrasse est agr√©able et le service est sympathique mais lent, tellement lent!
Nous sommes arriv√©s √† 20h et avons √©t√© servis √† 21h. Il faut tout r√©clamer, la carte, l‚Äôeau, les desserts, ‚Ä¶ √Ä souligner l‚Äôeffort fait sur la carte, tr√®s jolie et en papier, ce qui devient rare. "
72,juin 2023,"5,0","Une tr√®s belle d√©couverte. Nous avons pris une formule de plats √† partager qui a permis de tester 7 ou 8 mets tous excellents, tr√®s bien assaisonn√©s et particuli√®rement copieux.
Le service √©tait parfait et le fait de venir t√¥t nous a s√ªrement √©vit√© une attente trop longue car le restaurant semble avoir beaucoup de succ√®s. Le personnel est tr√®s pr√©venant et explique bien les plats."
73,mai 2023,"5,0","Restaurant d√©licieux avec en plus accueil tr√®s aimable et pr√©venant.
Cuisine libanaise traditionnelle compos√©e des meilleures sp√©cialit√©s.
√Ä d√©couvrir absolument."
74,mai 2023,"5,0","L‚Äôaccueil et le service sont top, les plats sont excellents! Nous avons pass√© un tr√®s bon moment! La table aux sourires!üòä"
75,mai 2023,"5,0","Nous venons de passer un tr√®s bon moment dans ce restaurant qui propose une cuisine traditionnelle avec des produits de qualit√© 
L‚Äôaccueil et le service sont parfaits 
Nous vous recommandons cet endroit bien situ√© et facilement accessible"
76,mai 2023,"5,0","Un des meilleurs restaurants libanais √† Lyon si ce n‚Äôest le meilleur‚Ä¶bel accueil, service rapide et professionnel. Le taboul√© est finalement comme il faut, feuilles de vigne faits maison et non pas comme ailleurs, le kebb√© et le fatayer d‚Äô√©pinards vraiment top‚Ä¶les brochettes de viande sont bonnes et cerise sur le g√¢teau le kenefeh pour le dessert..le chef nous a parl√© de quelques plats du jour o√π on peut retrouver les plats typiques que mangent les libanais √† la maison..on retournera s√ªrement "
77,avr. 2023,"5,0","Belle d√©couverte ! Un accueil tr√®s agr√©able, des plats exceptionnels. La salle est pas trop grande et bien d√©cor√©e. Serveurs tr√®s bienveillants sur les questions de novice en cuisine libanaise.
Bravo, continuez"
78,avr. 2023,"4,0","Une belle d√©couverte de la cuisine libanaise
L'accueil est parfait ainsi que le service
Service rapide avec des assiettes copieuses"
79,avr. 2023,"5,0","Un accueil tr√®s chaleureux, sourire et bonne humeur au top ! 
La cuisine y est g√©n√©reuse et excellente. 

Nous reviendrons avec grand plaisir ! 
"
80,mars 2023,"4,0","Accueil tr√®s sympathique, plats tr√®s bons, le baklava extra mais portion un peu petite. R√©servation conseill√©e. Un bel endroit !!!"
81,mars 2023,"4,0","Tr√®s bonne adresse pour un repas tranquille, grand choix, qualit√© plats, personnel professionnel et sympathique, cadre accueillant."
82,mars 2023,"5,0","Tr√®s bon restaurant, produits frais, √©quipe tr√®s accueillante, nous avons pass√© une excellente soir√©e"
83,mars 2023,"5,0","Et super sympa 
Tr√®s bon mezze frais 
Ambiance sympa 
Vins libanais 
Vari√©s
On reviendra!m avec plaisir!"
84,mars 2023,"1,0","Premiers arriv√©s derniers servis. Plats servis froids. Sauce √† l‚Äôail sans go√ªt, poulet pas cuit, pain lavash froid et fade, des gamins qui hurlent partout, un service d√©bord√©‚Ä¶ D√©paysement sans int√©r√™t"
85,mars 2023,"4,0","Bon restaurant  libanais 
Accueil et service tr√®s sympathique 
Les plats servis sont succulents on voyage !
Pas loin de la var e"
86,f√©vr. 2023,"4,0","Bel accueil et surtout tr√®s bonne cuisine libanaise, g√©n√©reuse, go√ªteuse remplie de saveur et d‚Äô√©pices. Bel endroit que je recommande sans d√©tour."
87,f√©vr. 2023,"4,0","mezz√© de qualit√©, larges choix, petits plats copieux et app√©tissants. serveuses agr√©ables et accueillantes. joli cadre. 
Kir libanais maison ! je recommande"
88,f√©vr. 2023,"5,0","Personnel tr√®s agr√©able, tr√®s bonne ambiance, plats copieux mais d√©licieux. Je n'avais jamais mang√© libanais, c'√©tait une premi√®re, et je ne suis absolument pas d√©√ßue! J'y retournerais volontiers."
89,janv. 2023,"5,0","Cuisine excellente,repas de qualit√©, service tr√®s charmant, le personnel tr√®s bien, et le tout √† un prix tr√®s correct
Nous reviendrons avec plaisir, Bravo !"
90,janv. 2023,"5,0","Un tr√®s bel endroit √† lyon pour voyager gustativement au Liban. Un accueil chaleureux et des mets exquis, tout est parfait. Nous reviendrons avec plaisir!"
91,janv. 2023,"5,0","Tr√®s bon moment pass√© entre amies pour un week-end lyonnais‚Ä¶ le personnel de service est accueillant et souriant. La cuisine est vraiment de qualit√©! Nous avons pris une mezzee mixte qui est un incontournable si vous voulez d√©couvrir la cuisine libanaise: on s‚Äôest r√©gal√©es.
Le vin blanc Libanais ksara est super!
On finit en douceur et en l√©g√®ret√© avec une cr√®me √† la fleur d‚Äôoranger.
En tant que toulousaine, on aimerait avoir le m√™me type de restaurant chez nous ‚Ä¶bravo!"
92,janv. 2023,"5,0","Une cuisine raffin√©e et familiale 
De tr√®s bon produits 
Accueil chaleureux et convivial 
Tr√®s bonne adresse, une cuisine excellente"
93,janv. 2023,"5,0",Cuisine libanaise excellente et savoureuse dans un cadre plut√¥t sympathique et un service tr√®s charmant ! Un des rares restaurant de Lyon ouvert un premier janvier
94,d√©c. 2022,"5,0","Un moment tr√®s agr√©able dans un cadre sympa 
nous avons tr√®s bien mang√©, les mezzes sont savoureux, le fatteh tr√®s bon, les desserts tr√®s bien.
Un vin rouge libanais tr√®s bon.
Et finir avec un petit th√© √† la menthe et un caf√© blanc √† la fleur d‚Äôoranger.

Le personnel tr√®s bien, une attention touchante pour mon anniversaire de la part du serveur que je remercie 

Je recommande fortement ce restaurant."
95,d√©c. 2022,"4,0","Petit repas de midi de No√´l √† 4 avec menu de f√™te. Les mezze sont bons, la dinde farcie au riz pas trop s√®che, la b√ªche maison pistache d√©licieuse. Tout cela avec un service tr√®s sympathique et souriant. Pour le vin, je conseille le Ksar Cuv√©e du couvent. Et le tout √† un prix tr√®s correct"
96,d√©c. 2022,"5,0","√âtant amateur de cuisine m√©diterran√©enne dont la Libanaise je ne peux que recommander ce restaurant.

La salle y est tr√®s agr√©able, les plats sont d√©licieux et joliment pr√©sent√©s. On sent que tout est frais et que les ingr√©dients sont de tr√®s bonne qualit√©.

Je souhaite √©galement remercier le service pour son accueil chaleureux.

Avec ma femme nous reviendrons souvent nous attabler chez vous !!"
97,d√©c. 2022,"5,0","Super resto de quartier. L‚Äôendroit est magnifique et la nourriture d√©licieuse. Nous avons go√ªt√© les plats typiques libanais √† la carte et partag√© quelques Mezz√©s. Une belle d√©couverte.
La limonade fait maison est tr√®s rafra√Æchissante m√™me pendant l‚Äôhiver."
98,d√©c. 2022,"5,0","Tr√®s bon Restaurant libanais, l'un des meilleurs que nous avions test√©. Cuisine savoureuse et service aux petits soins"
99,d√©c. 2022,"5,0","Cadre cosy et √©l√©gant. Bel accueil et service aux petits soins. Sp√©cialit√©s libanaises pour tous les go√ªts, cuisine fra√Æche. A faire et refaire"
100,d√©c. 2022,"5,0","Tr√®s bien accueillis et servis dans ce beau restaurant du 6√®me arrondissement de Lyon dans le cadre de d√©jeuner de travail. Cuisine libanaise  savoureuse et fra√Æche. Les Backlava sont d√©licieux, avec un petit caf√© Libanais encore mieux ! Je reviendrai avec mes amis un soir c'est s√ªr "
101,nov. 2022,"5,0","Accueil tr√®s agr√©able et une carte plus compl√®te que dans les autres restaurants libanais que j'ai eu l'occasion de visiter.
Surtout la cuisine est d√©licieuse !...
Donc une grande envie d'y retourner !"
102,nov. 2022,"4,0","D√©couverte de ce restaurant oriental dans le cadre de la wonderbox 
Menu impos√© par la formule assortiment de mezze et pour finir p√¢tisserie libanaise le tout avec une bi√®re du Liban en compl√©ment et un th√© √†  la menthe,
Belle d√©couverte,  original, bon et copieux possibilit√© d'emporter si l'on ne fini pas..,.
Enfin bon accueil. 
A refaire"
103,nov. 2022,"5,0","Tout est vraiment tr√®s bien, la qualit√© de l‚Äôaccueil, la qualit√© des plats, les vins Libanais, la qualit√© de la playlist, les prix. 
Nous sommes venues d√©jeuner et nous avons opt√© pour les plats v√©g√©tariens, une multitude de plats nous ont √©t√© apport√©. Nous n'avons pas pu finir tellement c'√©tait copieux et on nous a gentiment proposer des doggy bag pour faire durer le plaisir √† la maison :)"
104,sept. 2022,"4,0","Bon accueil et restaurant qui met d‚Äôembl√©e √† l‚Äôaise. Les sp√©cialit√©s m√©diterran√©ennes sont au rendez-vous, les plats sont relev√©s juste ce qu‚Äôil faut et le vin libanais √©tait une belle d√©couverte. On a pass√© un bon d√Æner et c‚Äôest l‚Äôessentiel !"
105,oct. 2022,"2,0","Comptez bien 1h √† respirer de la fum√©e avant d'avoir vos mezzes... Certes la salle √©tait comble un dimanche soir mais 20 min pour avoir une bouteille d'eau au milieu de la fum√©e de la cuisine c'√©tait un peu trop. Mettre une personne en plus au service serait surement une premi√®re bonne id√©e.

Les quantit√©s sont justes (7,5‚Ç¨ de Baklava pour l'√©quivalent de 3 petites cuill√®res √ßa fait cher au kg).
La nourriture est correcte mais pas exceptionnelle et rester 2h30 pour quelques mezzes et un d√©ssert c'√©tait trop pour nous.
Besoin de pourparler encore 10min au moment de payer pour rentrer dans les crit√®res du patron (TR accept√©s mais pas trop, CB mini 15‚Ç¨ impos√©, etc etc.).

Et encore je n'inclue pas le temps de lessive √† la maison pour y mettre toutes les fringues  que vous portiez directement en rentrant du resto :D.

Bref on ne reviendra pas."
106,sept. 2022,"5,0",Tr√®s bonne exp√©rience.  Nous y sommes all√©s en famille et tout s'est bien pass√© c'√©tait copieux et de tr√®s bonne qualit√©.  Bon rapport qualit√© prix
107,sept. 2022,"4,0","O√π on vous sert tous les classiques, messes, tajines, vin Libanais au verre. Portions g√©n√©reuses,le dessert n est pas indispensable !"
108,ao√ªt 2022,"5,0","Super exp√©rience comme toujours, malgr√© le fait de n‚Äôavoir pas r√©serv√© en avance, nous avons √©t√© accueillis avec le sourire alors que le restaurant √©tait d√©j√† plein!
Merci √† toute l‚Äô√©quipe!"
109,ao√ªt 2022,"5,0","Plats d√©licieux et tr√®s bon accueil. Nous nous sommes r√©gal√©s, foncez les yeux ferm√©s. Je recommande √† 100%!!"
110,ao√ªt 2022,"5,0","Restaurant qui dispose d'une terrasse. Tr√®s bon accueil, personnel tr√®s avenant.  Heureusement nous sommes arriv√©s √† l'ouverture car au bout d'une heure quasi toutes les tables √©taient compl√®tes. Nous avons pris un assortiment de mezzes, tous les mets √©taient tr√®s bons, avec beaucoup de saveurs, bien assaisonn√©s et les cuissons ma√Ætris√©es. Tr√®s bon rapport qualit√© prix. "
111,juil. 2022,"5,0","56‚Ç¨ le menu d√©gustation pour deux personnes mezze et th√© gourmand il n‚Äôy a rien √† redire ! Chaque plat est excellent (savoureux, bien √©pic√© mais pas piquant), copieux, tout est fait maison ! Vous pouvez y aller sans h√©siter. Le ros√© libanais est tr√®s bon √©galement."
112,juil. 2022,"4,0","Belle d√©coration, service efficace  id√©alement situ√© , ce restaurant propose des sp√©cialit√©s libanaises et la qualit√© est vraiment au rendez vous , je recommande vivement ! "
113,juil. 2022,"5,0","J'ai pris la formule √† 25‚Ç¨ (entre, plat et dessert). Copieux et savoureux, c'est une belle d√©couverte. Possibilit√© de manger en terrasse."
114,juin 2022,"5,0","Un service de qualit√©,  une serveuse de haut niveau, un chef pas √©toil√© mais qui m'en a mis dans les yeux.
Je recommande,
Bien √† vous.
"
115,mai 2022,"5,0","J‚Äô√©tais avec mes s≈ìurs ce soir , la  cuisine  √©tait  d√©licieuse , le serveur √©tait  charmant et tr√®s accueillant et souriant. 
Le lieu √©tait agr√©able et familiale, je ne pouvais que aimer.
Le comptoir  libanais √©tait √† la hauteur tout simplement. 
Merci"
116,mai 2022,"1,0","Bonne accueil, beau cadre par contre  tr√®s ch√®re, il nous facture des plats compris dans le menu choisit, tr√®s long le service, attente , et la viande √©tait saignante  √† √©t√© servie tr√®s tard.
les plats ne valle pas le prix payer, √† ce prix on va payer le loyer"
117,avr. 2022,"5,0","Apr√®s ne pas avoir √©t√© au restaurant depuis un petit bout de temps, mon √©pouse et moi voulions absolument savourer ce moment. Nous avons donc tent√© ¬´ Le Comptoir Libanais ¬ª. Tr√®s bien localis√©, nous pouvons identifier √† quelques m√®tres un car√© vert et un c√®dre jaune accompagn√© d‚Äôun jeu lumineux qui nous annonce d√©j√† la qualit√© et le standing qu‚Äôon va trouver l‚Äôint√©rieur. Effectivement, pas d√©√ßu du tout. Nous y trouvons un cadre agr√©able, avec une d√©coration qui est un m√©lange de style de modernit√© & de tradition. D√®s ce moment-l√†, mon √©pouse et moi savions que nous allons voyager ! 
Imm√©diatement, une serveuse tr√®s attentionn√©e nous installe pour prendre notre commande. A vrai dire, nous voulions essayer tous les plats üòä. A l‚Äôannoncer de formule ¬´ Mezz√©s √† partager ¬ª, nous √©tions surpris et tr√®s ravi. En effet, nous sommes tellement habitu√©s aux formules classiques des restaurants, qu‚Äôenvisager l‚Äôid√©e de voir un d√©fil√© de plats color√©s arrivant √† notre table, un par un, n‚Äôa fait qu‚Äôaugmenter notre d√©sir d‚Äôapp√©tit. Taboul√©, Houmous, Rikkat fromage, Batata hara tout y passe ‚Ä¶notre table se retrouve orn√©e de couleur et de plats vari√©s (il y a mati√®re √† faire de magnifiques photos d‚Äôailleurs).  Tous les plats que nous avons go√ªt√©s √©taient tr√®s d√©licieux, un vrai r√©gal. Beaucoup de d√©couverte et gout vari√©s. Pour conclure, j‚Äôai choisi un Mouhalabieh comme d√©sert, un flan doux parfum√© √† la fleur d‚Äôoranger, un d√©lice !  
En r√©sum√© : Accueil parfait, excellent service, l‚Äôambiance au top, la d√©co, les plats. Un plaisir de manger dans un endroit charmant comme celui-ci. Je vais recommander le Comptoir Libanais √† mes proches et nous reviendrons tr√®s bient√¥t !"
118,avr. 2022,"5,0","Nous sommes venus manger au comptoir libanais¬†entre famille, mon mari,ma fille et moi m√™me. Nous avons extr√™mement bien mang√©. Les plats libanais sont vraiment bon surtout le ""muhammara"". Une devinnette qui n'√©tait pas facile üôÇ.Le d√©cor bien r√©ussi on se croirait au Liban,menu  all√©chant et tr√®s vari√©. Une salle agr√©able avec des belles tables bien dress√©es. Et un service merveilleux, ex√©cut√© par les serveuses tr√®s attentionn√©es. Nous √©tions tr√®s a l‚Äôaise. Une adresse √† ne pas manquer sur Lyon! 
Je recommande 10000000% fois. 
Merci encore √† l‚Äô√©quipe du comptoir libanais on reviendra avec grand plaisir !"
119,f√©vr. 2022,"4,0","Tr√®s joli cadre, service efficace et sympathique, beau et bon choix de mezze pour un prix restant abordable. Bref, une bonne adresse !"
120,janv. 2022,"5,0","Tr√®s belle d√©couverte les plats sont tr√®s bon et tr√®s g√©n√©reux.
La serveuse est tr√®s accueillante et tr√®s souriante.
A refaire"
121,d√©c. 2021,"5,0","Super restau !!!! D√©licieux de A √† Z! 1 superbe d√©couverte du Liban au travers d'une cuisine go√ªteuse √† un tarif raisonnable !
Bravo et merci !"
122,nov. 2021,"5,0","Nous avons d√Æn√© au comptoir du Liban, nous avons pass√© un tr√®s bon moment. 
Les plats et les saveurs √©taient au rendez vous, un r√©gal pour les papilles. 
Les tarifs sont abordables et la qualit√© est pr√©sente."
123,nov. 2021,"5,0",atmosphere et service tr√®s chaleureux.  Cuisine d√©licieuse. Bonne qualit√©s et tr√®s affordable. Conseiller.
124,nov. 2021,"4,0","Cadre agr√©able, service souriant et rapide.
Plats traditionnels et tr√®s bons.

A noter le kir libanais (sic) avec juste une ""petite"" adaptation de notre Kir : le vin blanc est remplac√© par de l'arak !"
125,nov. 2021,"5,0","Moment tr√®s agr√©able, service, accueil, mezze parfait. restaurant √† d√©couvrir. Je conseille. En tout cas nous reviendra."
126,oct. 2021,"5,0","Nous somme retourn√©s deux fois dans ce restaurant cette semaine. L'accueil  est chaleureux.
La carte est vari√©e et le personnel pr√©sent pour vous expliquer la carte. Tout le monde n'est pas expert en mezz√©.
La viande est excellente.
Le rapport qualit√© prix est tr√®s satisfaisant. La preuve, √† chaque fois en semaine le soir le restaurant est plein √† plus de 80%.
A consommer sans mod√©ration."
127,ao√ªt 2021,"5,0","Nous avons test√© beaucoup de libanais et celui-ci √©tait tr√®s largement au-dessus de la moyenne. Beaucoup de saveurs et un service tr√®s sympathique, nous y retournerons avec plaisir !"
128,sept. 2021,"4,0","Tr√®s agr√©able soir√©e entre amis dehors sur la terrasse 
Accueil excellent 
Mezzes libanais excellents 
Bon vin
Je recommande"
129,ao√ªt 2021,"3,0","Cuisine libanaise (trop) traditionnelle, dont une des caract√©ristiques n‚Äôest pas la l√©g√®ret√©. On peut, plus ou moins, appr√©cier. Sinon, le cadre de ce nouveau restaurant est agr√©able et le service aimable."
130,ao√ªt 2021,"4,0","nous y allons pour la 3√®me fois depuis l'ouverture : bon accueil, nourriture excellente, attention c'est tr√®s copieux..... mais si vous avez une grosse faim"
131,ao√ªt 2021,"5,0","Nouveau restaurant Libanais dans le 6√® √† Lyon. L'accueil est chaleureux et le patron bienveillant. 
Nous avons pris des mezz√©s avec du vin blanc libanais (ch√¢teau Ksara). En tant que Libanais je peux vous dire que les saveurs √©taient au rendez-vous !
Je vous le recommande vivement si vous souhaitez d√©guster des bons petits plats qui vous feront voyager au Liban."
132,juil. 2021,"5,0",C'est √† dire charmant. Rapport qualit√© prix dans la moyenne. Excellent taboul√© libanais idem pour les falafel d√©gust√©s ce jour.
133,juil. 2021,"5,0","tout est propre dans ce restaurant, la nourriture est d√©licieuse et l'√©quipe est serviable. Je le recommande"
134,juin 2021,"5,0","D√©licieux mezze, plats copieux,  serveuse tr√®s attentionn√©e et sympathique. Nous recommandons et reviendrons avec plaisir !"
135,nov. 2024,"5,0","Nourriture et boissons incroyables, en particulier le menu mixte avec tout √† essayer plus les desserts. Le personnel √©tait tr√®s gentil, rapide et parlait aussi anglais"
136,nov. 2024,"5,0","Nourriture incroyable, service et valeur pour le prix. Une belle exp√©rience de cuisine authentique du Moyen-Orient au milieu de Lyon !"
137,nov. 2024,"5,0","Incroyables ingr√©dients et pr√©parations de haute qualit√©! ! ! J'ai appr√©ci√© le go√ªt et la taille de la portion √©tait juste. 

Merci beaucoup!"
138,oct. 2024,"4,0","Une bonne exp√©rience, un excellent service et un accueil tr√®s sympathique. Ap√©ritif de mezze tout excellent, tabouleh, aubergine etc vraiment tr√®s tr√®s bon ! Les plats principaux ont pris du temps, qualit√© ok. Deux avaient de l'agneau un peu dur, du boeuf bon aussi. Je recommanderais, simple et bien fait, valeur sage juste ok, prix un peu sur le c√¥t√© √©lev√©."
139,oct. 2024,"5,0",Tous les plats √©taient vraiment excellents! M√™me le houmous bien connu est une sacr√©e exp√©rience au Comptoir Libanais. Le meilleur restaurant libanais o√π je sois all√©. Vraiment le voyage!
140,ao√ªt 2024,"1,0","M√™me pas 0 √©toiles. On nous a dit d'attendre 10 minutes et apr√®s 30 minutes, nos places ""promises"" ont √©t√© c√©d√©es √† ppl qui vient d'entrer. Non recommandable si vous avez faim et voulez manger quelque chose."
141,juin 2024,"5,0","D√©licieuse nourriture libanaise, vous mangez vos doigts avec ce choix de menu. Nous reviendrons pour le houmous. Personnel aimable, si√®ges ext√©rieurs possibles."
